{
  "name": "aggro",
  "trained_at": "2026-01-01T12:12:21.122516626Z",
  "final_fitness": 2.5191114,
  "placement_weights": {
    "center_columns_penalty": 0.006235301,
    "column_transitions_penalty": 0.0005845757,
    "deep_well_risk": 0.052789416,
    "hole_depth_penalty": 0.2636739,
    "holes_penalty": 0.29468817,
    "i_well_reward": 0.080538005,
    "line_clear_bonus": 0.044932704,
    "max_height_penalty": 0.0,
    "row_transitions_penalty": 0.06879486,
    "surface_bumpiness_penalty": 0.0790925,
    "surface_roughness_penalty": 0.031147733,
    "top_out_risk": 0.0373032,
    "total_height_penalty": 0.0052549317,
    "well_depth_penalty": 0.034964614
  }
}
