{
  "name": "aggro",
  "trained_at": "2026-01-02T08:17:07.358228727Z",
  "final_fitness": 2.5962222,
  "placement_weights": {
    "center_columns_penalty": 0.009483764,
    "center_top_out_risk": 0.043935817,
    "column_transitions_penalty": 0.056100156,
    "deep_well_risk": 0.057503246,
    "hole_depth_penalty": 0.114900805,
    "holes_penalty": 0.29390728,
    "i_well_reward": 0.0430316,
    "line_clear_bonus": 0.014305942,
    "max_height_penalty": 0.07850221,
    "row_transitions_penalty": 0.028072646,
    "surface_bumpiness_penalty": 0.03423642,
    "surface_roughness_penalty": 0.008848812,
    "top_out_risk": 0.18556711,
    "total_height_penalty": 0.001148219,
    "well_depth_penalty": 0.030455988
  }
}
