{
  "name": "aggro",
  "trained_at": "2026-01-01T10:01:37.345367160Z",
  "final_fitness": 2.627889,
  "placement_weights": {
    "center_columns_penalty": 0.0078585455,
    "column_transitions_penalty": 0.0,
    "deep_well_risk": 0.10529373,
    "hole_depth_penalty": 0.14523599,
    "holes_penalty": 0.3716414,
    "i_well_reward": 0.06640036,
    "line_clear_bonus": 0.044470508,
    "max_height_penalty": 0.016824847,
    "row_transitions_penalty": 0.0039244327,
    "surface_bumpiness_penalty": 0.07521715,
    "surface_roughness_penalty": 0.033390075,
    "top_out_risk": 0.10964847,
    "total_height_penalty": 0.0072852634,
    "well_depth_penalty": 0.01280922
  }
}