{
  "name": "aggro",
  "trained_at": "2026-01-01T10:13:17.446829612Z",
  "final_fitness": 2.5327778,
  "placement_weights": {
    "center_columns_penalty": 0.002233016,
    "column_transitions_penalty": 0.0006086955,
    "deep_well_risk": 0.11429311,
    "hole_depth_penalty": 0.10741088,
    "holes_penalty": 0.34699047,
    "i_well_reward": 0.07289727,
    "line_clear_bonus": 0.043721523,
    "max_height_penalty": 0.017843965,
    "row_transitions_penalty": 0.11112489,
    "surface_bumpiness_penalty": 0.031924102,
    "surface_roughness_penalty": 0.011684118,
    "top_out_risk": 0.119656555,
    "total_height_penalty": 0.019611431,
    "well_depth_penalty": 0.0
  }
}