{
  "name": "aggro",
  "trained_at": "2026-01-02T12:17:32.274241139Z",
  "final_fitness": 2.6117775,
  "placement_weights": {
    "center_columns_penalty": 0.01100487,
    "center_top_out_risk": 0.0415648,
    "column_transitions_penalty": 0.015887866,
    "deep_well_risk": 0.09293606,
    "hole_depth_penalty": 0.062892534,
    "holes_penalty": 0.28771374,
    "i_well_reward": 0.07040343,
    "line_clear_bonus": 0.058856063,
    "max_height_penalty": 0.029745633,
    "row_transitions_penalty": 0.08701085,
    "surface_bumpiness_penalty": 0.020147456,
    "surface_roughness_penalty": 0.0299284,
    "top_out_risk": 0.15211707,
    "total_height_penalty": 0.006718563,
    "well_depth_penalty": 0.033072684
  }
}
