{
  "name": "aggro",
  "trained_at": "2026-01-02T10:37:53.611763065Z",
  "final_fitness": 2.6176665,
  "placement_weights": {
    "center_columns_penalty": 0.01752477,
    "center_top_out_risk": 0.006517862,
    "column_transitions_penalty": 0.07301787,
    "deep_well_risk": 0.11221919,
    "hole_depth_penalty": 0.1576121,
    "holes_penalty": 0.22886203,
    "i_well_reward": 0.034980606,
    "line_clear_bonus": 0.010285562,
    "max_height_penalty": 0.041565202,
    "row_transitions_penalty": 0.032375332,
    "surface_bumpiness_penalty": 0.021512082,
    "surface_roughness_penalty": 0.0,
    "top_out_risk": 0.23882942,
    "total_height_penalty": 0.021264264,
    "well_depth_penalty": 0.0034336913
  }
}
