{
  "name": "defensive",
  "trained_at": "2026-01-02T08:23:33.023628018Z",
  "final_fitness": 2.1328888,
  "placement_weights": {
    "center_columns_penalty": 0.030881654,
    "center_top_out_risk": 0.06643836,
    "column_transitions_penalty": 0.011679661,
    "deep_well_risk": 0.037492853,
    "hole_depth_penalty": 0.04515719,
    "holes_penalty": 0.36258557,
    "i_well_reward": 0.00043781783,
    "line_clear_bonus": 0.02076586,
    "max_height_penalty": 0.15071973,
    "row_transitions_penalty": 0.074884966,
    "surface_bumpiness_penalty": 0.014309557,
    "surface_roughness_penalty": 0.0,
    "top_out_risk": 0.060606603,
    "total_height_penalty": 0.012993223,
    "well_depth_penalty": 0.11104698
  }
}
