{
  "name": "defensive",
  "trained_at": "2026-01-02T10:44:25.700003413Z",
  "final_fitness": 2.116111,
  "placement_weights": {
    "center_columns_penalty": 0.02572661,
    "center_top_out_risk": 0.035579063,
    "column_transitions_penalty": 0.027596671,
    "deep_well_risk": 0.022914886,
    "hole_depth_penalty": 0.104714744,
    "holes_penalty": 0.25193405,
    "i_well_reward": 0.0018488719,
    "line_clear_bonus": 0.020461747,
    "max_height_penalty": 0.15954098,
    "row_transitions_penalty": 0.059098862,
    "surface_bumpiness_penalty": 0.041223027,
    "surface_roughness_penalty": 0.016680546,
    "top_out_risk": 0.03529125,
    "total_height_penalty": 0.02552244,
    "well_depth_penalty": 0.17186616
  }
}
