{
  "name": "defensive",
  "trained_at": "2026-01-02T12:26:46.928491384Z",
  "final_fitness": 2.0996668,
  "placement_weights": {
    "center_columns_penalty": 0.02810419,
    "center_top_out_risk": 0.070542805,
    "column_transitions_penalty": 0.01013449,
    "deep_well_risk": 0.021335568,
    "hole_depth_penalty": 0.102779105,
    "holes_penalty": 0.16254818,
    "i_well_reward": 0.014909488,
    "line_clear_bonus": 0.017276347,
    "max_height_penalty": 0.055966225,
    "row_transitions_penalty": 0.050458644,
    "surface_bumpiness_penalty": 0.043519948,
    "surface_roughness_penalty": 0.023490656,
    "top_out_risk": 0.22874464,
    "total_height_penalty": 0.019502664,
    "well_depth_penalty": 0.15068702
  }
}
