{
  "name": "defensive",
  "trained_at": "2026-01-01T10:07:00.330428761Z",
  "final_fitness": 2.299667,
  "placement_weights": {
    "center_columns_penalty": 0.040242497,
    "column_transitions_penalty": 0.027469046,
    "deep_well_risk": 0.024987388,
    "hole_depth_penalty": 0.06334542,
    "holes_penalty": 0.15109672,
    "i_well_reward": 0.03680671,
    "line_clear_bonus": 0.1088094,
    "max_height_penalty": 0.05849282,
    "row_transitions_penalty": 0.12392774,
    "surface_bumpiness_penalty": 0.03919001,
    "surface_roughness_penalty": 0.008546985,
    "top_out_risk": 0.13115303,
    "total_height_penalty": 0.06377479,
    "well_depth_penalty": 0.12215752
  }
}